uniprot_id	site_resnum	phos_resnum_pdb	uniprot_phos_resnum	protein_name	phos_resname	min_rsa	max_rsa	buried_in_any	surface_in_any	n_structures	evidence	is_kinase	al_classification	is_activation_loop
O00506	174	174		SERINE/THREONINE PROTEIN KINASE 25	TPO	0.089	0.09	True	False	2	experimental	True	activation_loop_ALC	True
O14965	288	288		AURORA KINASE A	TPO	0.015	0.383	True	True	3	experimental	True	activation_loop_ALC	True
O15530	241	241	241.0	3-phosphoinositide-dependent protein kinase 1	SEP	0.0	0.991	True	True	28	experimental	True	activation_loop_ALC	True
O43293	50	50		DEATH-ASSOCIATED PROTEIN KINASE 3	SEP	1.0	1.0	False	True	1	experimental	True	not_activation_loop	False
O43683	969	969		Mitotic checkpoint serine/threonine-protein kinase BUB1	SEP	0.167	0.167	True	False	1	sifts_unmapped	True	activation_loop_ALC	True
O43781	350	350		Dual specificity tyrosine-phosphorylation-regulated kinase 3	SEP	0.551	0.551	False	True	1	experimental	True	activation_loop_ALN	True
O43781	369	369		Dual specificity tyrosine-phosphorylation-regulated kinase 3	PTR	0.298	0.298	False	True	1	by_similarity	True	activation_loop_ALC	True
O43781	445	445		Dual specificity tyrosine-phosphorylation-regulated kinase 3	SEP	0.801	0.801	False	True	1	sifts_unmapped	True	not_activation_loop	False
O60260	65	65	65.0	E3 ubiquitin-protein ligase parkin	SEP	0.0	0.0	True	False	1	experimental	False	not_a_kinase	False
O60674	1007	1007	1007.0	Tyrosine-protein kinase JAK2	PTR	0.179	0.692	True	True	28	experimental	True	activation_loop_ALN	True
O60674	1008	1008	1008.0	Tyrosine-protein kinase JAK2	PTR	0.11	0.438	True	True	17	by_similarity	True	activation_loop_insert	True
O75385	180	180		Serine/threonine-protein kinase ULK1	TPO	0.0	0.379	True	True	7	sifts_unmapped	True	activation_loop_ALC	True
O75531	3	3	3.0	Barrier-to-autointegration factor, N-terminally processed	TPO	0.335	0.335	False	True	1	experimental	False	not_a_kinase	False
O96013	474	474	474.0	Serine/threonine-protein kinase PAK 4	SEP	0.0	0.212	True	True	12	experimental	True	activation_loop_ALC	True
P00519	393	393	393.0	Tyrosine-protein kinase ABL1	PTR	0.089	0.089	True	False	1	experimental	True	activation_loop_ALN	True
P05187	114	92	114.0	Alkaline phosphatase, placental type	SEP	0.0	0.045	True	False	6	not_annotated	False	not_a_kinase	False
P06213	1189	1162	1189.0	insulin receptor subunit beta	PTR	0.388	0.519	False	True	2	experimental	False	not_a_kinase	False
P06213	1190	1163	1190.0	insulin receptor subunit beta	PTR	0.253	0.253	False	True	1	experimental	False	not_a_kinase	False
P06239	394	394	394.0	Proto-oncogene tyrosine-protein kinase LCK	PTR	0.297	0.488	False	True	4	experimental	True	activation_loop_ALN	True
P06463	156	238	156.0	14-3-3 protein zeta/delta,Protein E6	TPO	0.665	0.665	False	True	1	not_annotated	False	not_a_kinase	False
P07332	713	713	713.0	Proto-oncogene tyrosine-protein kinase Fes/Fps	PTR	0.102	0.102	True	False	1	experimental	True	activation_loop_ALN	True
P07949	905	905	905.0	PROTO-ONCOGENE TYROSINE-PROTEIN KINASE RECEPTOR RET	PTR	0.043	0.284	True	True	4	experimental	True	activation_loop_ALN	True
P08581	1234	1234	1234.0	Hepatocyte growth factor receptor	PTR	0.406	0.45	False	True	2	experimental	False	not_a_kinase	False
P08631	522	527	522.0	Tyrosine-protein kinase HCK	PTR	0.026	0.064	True	False	4	experimental	True	outside_domain	False
P08631	524	527	524.0	Tyrosine-protein kinase HCK	PTR	0.11	0.125	True	False	2	not_annotated	True	outside_domain	False
P0CG47	164	12	164.0	Polyubiquitin-B	TPO	0.472	0.472	False	True	1	not_annotated	False	not_a_kinase	False
P0DMV8	66	66	66.0	Heat shock 70 kDa protein 1A	SEP	0.0	0.0	True	False	1	not_annotated	False	not_a_kinase	False
P11309	261	261		Proto-oncogene serine/threonine-protein kinase Pim-1	SEP	0.929	0.929	False	True	1	experimental	True	not_activation_loop	False
P12931	338	335	338.0	Proto-oncogene tyrosine-protein kinase Src	PTR	0.135	0.274	True	True	1	not_annotated	True	not_activation_loop	False
P12931	419	416	419.0	Proto-oncogene tyrosine-protein kinase Src	PTR	0.095	0.095	True	False	1	by_similarity	True	activation_loop_ALN	True
P12931	530	527	530.0	TYROSINE-PROTEIN KINASE SRC	PTR	0.046	0.183	True	False	3	experimental	True	outside_domain	False
P17612	198	197	198.0	cAMP-dependent protein kinase catalytic subunit alpha	TPO	0.0	0.41	True	True	23	experimental	True	activation_loop_ALC	True
P17612	339	338	339.0	cAMP-dependent protein kinase catalytic subunit alpha	SEP	0.06	0.572	True	True	22	experimental	True	outside_domain	False
P21802	586	586		Fibroblast growth factor receptor 2	PTR	0.674	0.674	False	True	1	experimental	False	not_a_kinase	False
P21802	657	657		Fibroblast growth factor receptor 2	PTR	0.147	0.147	True	False	1	experimental	False	not_a_kinase	False
P21802	1657	1657		Fibroblast growth factor receptor 2	PTR	0.215	0.215	True	False	1	sifts_unmapped	False	not_a_kinase	False
P23443	252	252		Ribosomal protein S6 kinase beta-1	TPO	0.099	0.224	True	False	3	experimental	True	activation_loop_ALC	True
P23458	1034	1034	1034.0	Tyrosine-protein kinase JAK1	PTR	0.217	0.579	True	True	14	experimental	True	activation_loop_ALN	True
P23458	1035	1035	1035.0	Tyrosine-protein kinase JAK1	PTR	0.132	0.45	True	True	21	experimental	True	activation_loop_insert	True
P24723	513	513		Protein kinase C eta type	TPO	0.497	0.497	False	True	1	by_similarity	True	activation_loop_ALC	True
P24723	656	656		Protein kinase C eta type	TPO	0.431	0.431	False	True	1	experimental	True	outside_domain	False
P24941	160	160	160.0	Cell division protein kinase 2	TPO	0.0	0.229	True	True	22	experimental	True	activation_loop_ALC	True
P28482	185	185	185.0	Mitogen-activated protein kinase 1	TPO	0.207	0.207	True	False	1	by_similarity	True	activation_loop_ALC	True
P28482	187	187	187.0	Mitogen-activated protein kinase 1	PTR	0.22	0.279	True	True	2	experimental	True	activation_loop_ALC	True
P29320	701	701		Ephrin receptor	PTR	0.097	0.251	True	True	2	experimental	False	not_a_kinase	False
P29597	1054	1054		Non-receptor tyrosine-protein kinase TYK2	PTR	0.195	0.195	True	False	1	experimental	True	activation_loop_ALN	True
P31749	308	308	308.0	RAC-alpha serine/threonine-protein kinase	TPO	0.081	0.346	True	True	4	experimental	True	activation_loop_ALC	True
P31751	309	309	309.0	RAC-BETA SERINE/THREONINE PROTEIN KINASE	TPO	0.021	0.394	True	True	5	experimental	True	activation_loop_ALC	True
P33981	675	675	675.0	Dual specificity protein kinase TTK	TPO	1.0	1.0	False	True	1	not_annotated	True	activation_loop_ALN	True
P36871	117	117	117.0	Phosphoglucomutase-1	SEP	0.0	0.0	True	False	1	experimental	False	not_a_kinase	False
P41743	412	412	412.0	Protein kinase C iota type	TPO	0.021	0.631	True	True	3	by_similarity	True	activation_loop_ALC	True
P41743	484	484	484.0	Protein kinase C iota type	SEP	0.858	0.858	False	True	1	not_annotated	True	not_activation_loop	False
P41743	564	564	564.0	Protein kinase C iota type	TPO	0.177	0.347	True	True	3	experimental	True	outside_domain	False
P43405	525	525	525.0	Tyrosine-protein kinase SYK	PTR	0.337	0.522	False	True	7	experimental	True	activation_loop_ALN	True
P43405	526	526	526.0	Tyrosine-protein kinase SYK	PTR	0.131	0.319	True	True	6	experimental	True	activation_loop_insert	True
P48730	220	220	220.0	Casein kinase I isoform delta	TPO	0.69	0.69	False	True	1	not_annotated	True	not_activation_loop	False
P49759	341	341	341.0	Dual specificity protein kinase CLK1	SEP	0.225	0.766	True	True	3	not_annotated	True	activation_loop_ALC	True
P49840	279	279	279.0	Glycogen synthase kinase-3 alpha	PTR	0.446	0.446	False	True	1	by_similarity	True	activation_loop_ALC	True
P49841	216	216	216.0	GLYCOGEN SYNTHASE KINASE-3 BETA	PTR	0.357	0.682	False	True	2	experimental	True	activation_loop_ALC	True
P54762	647	647	647.0	Ephrin type-B receptor 1	PTR	0.354	0.454	False	True	2	not_annotated	False	not_a_kinase	False
P61587	240	240	240.0	Rho-related GTP-binding protein RhoE	SEP	0.037	0.037	False	True	1	not_annotated	False	not_a_kinase	False
Q04759	538	538		Protein kinase C, theta type	TPO	0.223	0.223	True	False	1	by_similarity	True	activation_loop_ALC	True
Q04759	676	676	676.0	Protein kinase C theta type	SEP	0.172	0.172	False	True	1	experimental	True	outside_domain	False
Q13043	183	183		Serine/threonine-protein kinase 4 37kDa subunit	TPO	0.013	0.086	True	False	1	experimental	True	activation_loop_ALC	True
Q13153	423	423	423.0	Serine/threonine-protein kinase PAK 1	TPO	0.152	0.505	True	True	4	experimental	True	activation_loop_ALC	True
Q13188	282	282		Serine/threonine-protein kinase 3 36kDa subunit	TPO	0.362	0.362	False	True	1	sifts_unmapped	True	outside_domain	False
Q13188	283	283		Serine/threonine-protein kinase 3 36kDa subunit	TPO	0.377	0.377	False	True	1	sifts_unmapped	True	outside_domain	False
Q13627	145	145		Dual specificity tyrosine-phosphorylation-regulated kinase 1A	SEP	0.232	0.399	True	True	1	by_similarity	True	outside_domain	False
Q13627	321	321	321.0	Dual specificity tyrosine-phosphorylation-regulated kinase 1A	PTR	0.0	0.427	False	True	11	experimental	True	activation_loop_ALC	True
Q13976	517	517	517.0	cGMP-dependent protein kinase 1	TPO	0.026	0.359	True	True	4	not_annotated	True	activation_loop_ALC	True
Q14004	871	871		Cyclin-dependent kinase 13	TPO	0.654	0.718	False	True	1	by_similarity	True	activation_loop_ALC	True
Q16512	774	780	774.0	Serine/threonine-protein kinase N1	TPO	0.32	0.32	False	True	1	experimental	True	activation_loop_ALC	True
Q16512	916	922	916.0	Serine/threonine-protein kinase N1	SEP	0.346	0.346	False	True	1	by_similarity	True	outside_domain	False
Q16512	922	922		Serine/threonine-protein kinase N1	SEP	0.286	0.468	False	True	2	sifts_unmapped	True	outside_domain	False
Q16539	180	180		Mitogen-activated protein kinase 14	TPO	0.053	0.053	True	False	1	experimental	True	activation_loop_ALC	True
Q16539	182	182		Mitogen-activated protein kinase 14	PTR	0.094	0.555	True	True	3	experimental	True	activation_loop_ALC	True
Q96G74	177	177	177.0	OTU domain-containing protein 5	SEP	0.0	0.0	True	False	1	experimental	False	not_a_kinase	False
Q9NQS7	894	894	894.0	Inner centromere protein	SEP	0.0	0.0	False	True	1	experimental	False	not_a_kinase	False
Q9NQU5	560	560	560.0	SERINE/THREONINE-PROTEIN KINASE PAK 6	SEP	0.082	0.194	True	False	3	by_similarity	True	activation_loop_ALC	True
Q9NS91	444	444	444.0	SER-ASP-SER-CYS-ASN-SER-SEP-SER-SEP-ASP-ILE-ILE-ARG-ASP-LEU-LEU-GLU	SEP	0.007	0.151	False	True	1	not_annotated	False	not_a_kinase	False
Q9NUL5	249	249	249.0	Shiftless antiviral inhibitor of ribosomal frameshifting protein	SEP	0.067	0.393	True	True	1	not_annotated	False	not_a_kinase	False
Q9NUL5	250	250	250.0	Shiftless antiviral inhibitor of ribosomal frameshifting protein	TPO	0.0	0.046	True	False	1	not_annotated	False	not_a_kinase	False
Q9NUL5	253	253	253.0	Shiftless antiviral inhibitor of ribosomal frameshifting protein	TPO	0.0	0.0	True	False	1	not_annotated	False	not_a_kinase	False
Q9NUL5	256	256	256.0	Shiftless antiviral inhibitor of ribosomal frameshifting protein	SEP	0.254	0.645	False	True	1	not_annotated	False	not_a_kinase	False
Q9NWZ3	342	342	342.0	Interleukin-1 receptor-associated kinase 4	TPO	0.292	0.982	False	True	12	experimental	True	activation_loop_ALN	True
Q9NWZ3	345	345	345.0	Interleukin-1 receptor-associated kinase 4	TPO	0.122	0.487	True	True	21	experimental	True	activation_loop_insert	True
Q9NWZ3	346	346		Interleukin-1 receptor-associated kinase 4	SEP	1.0	1.0	False	True	2	experimental	True	activation_loop_ALC	True
Q9P286	602	602	602.0	Serine/threonine-protein kinase PAK 7	SEP	0.247	0.556	True	True	2	not_annotated	True	activation_loop_ALC	True
Q9UHD2	172	172	172.0	Serine/threonine-protein kinase TBK1	SEP	0.057	0.074	True	False	1	experimental	True	activation_loop_ALC	True
Q9UKE5	181	181	181.0	TRAF2 and NCK-interacting protein kinase	TPO	0.169	0.169	True	False	1	not_annotated	True	activation_loop_ALN	True
Q9UKE5	187	187	187.0	TRAF2 and NCK-interacting protein kinase	TPO	0.133	0.133	True	False	1	by_similarity	True	activation_loop_ALC	True
Q9UQB9	198	198	198.0	Aurora kinase C	TPO	0.035	0.035	True	False	1	by_similarity	True	activation_loop_ALC	True
Q9Y2K2	221	221	221.0	Serine/threonine-protein kinase SIK3	TPO	0.49	0.648	False	True	1	experimental	True	activation_loop_ALC	True
Q9Y463	273	273		Dual specificity tyrosine-phosphorylation-regulated kinase 1B	PTR	0.469	0.469	False	True	1	experimental	True	activation_loop_ALC	True
Q9Y6E0	178	178		Serine/threonine kinase 24 (STE20 homolog, yeast)	TPO	0.066	0.57	True	True	18	sifts_unmapped	True	activation_loop_ALN	True
Q9Y6E0	190	178	190.0	Serine/threonine-protein kinase 24	TPO	0.279	0.391	False	True	3	experimental	True	activation_loop_ALC	True
