# b, Systematic survey of the PDB. All 23 human phosphosites that are both buried (RSA ≤ 0.25, computed on the isolated chain) and held by two or more Lys or Arg side chains of the same chain, among all high-resolution human crystal structures containing phosphoserine, phosphothreonine or phosphotyrosine. Search criteria and definitions are given in the notes below the table.
#
# PDB search: Every human X-ray structure in the PDB at ≤ 2.0 Å resolution, released up to and including 16 September 2026, containing phosphoserine, phosphothreonine or phosphotyrosine (1,236 entries). This gave 101 unique phosphosites in 71 proteins with a phosphate coordinated by Lys or Arg, of which the 23 listed are also buried in a chain in which they are fully coordinated (≥ 2 Arg/Lys contacts).
# Coordination: A Lys or Arg side chain of the same chain with a charged-group atom (Lys NZ; Arg NE, CZ, NH1, NH2) within 4.0 Å of a phosphate atom, the ionic-contact criterion of Supplementary Table 4. Fully coordinated: two or more such side chains.
# Burial: Relative solvent accessibility (RSA) ≤ 0.25, computed with DSSP on the isolated chain, matching the monomeric analysis elsewhere in this work, and normalised to the empirical maxima of Tien et al. (2013). For phosphorylated residues, the empirical maximum of the parent residue was scaled by the phospho/parent ratio obtained by repeating the Gly-X-Gly enumeration of Tien et al.: SEP 226 Å², TPO 243 Å², PTR 334 Å². 'RSA using the unmodified parent reference' is the lowest RSA recalculated with the smaller maxima of unmodified Ser, Thr or Tyr. Entries in which a partner chain packs against the site show a lower accessibility for the whole entry than for the isolated chain, as expected.
# Exclusions: Co-crystallised substrate phosphopeptides (chains under 30 residues), non-human chains, and phosphoresidues that SIFTS does not map to UniProt, such as those in expression tags. Each residue was mapped to UniProt individually through SIFTS and accepted only where the canonical sequence carries the corresponding Ser, Thr or Tyr. Ubiquitin, encoded by four genes with an identical sequence, is counted once.
# Numbering: Phosphosites (e.g. pSer65) follow UniProt numbering. The 'PDB residue number' column and the coordinating residues are numbered as deposited in the representative PDB entry.
# Representative entry: The entry and chain with the most coordinating side chains, then the lowest RSA, then the best resolution. 'Lowest SASA' and 'Lowest RSA' are the lowest values among the entries in which the site is coordinated by Lys or Arg. 'Highest RSA' is the highest value among all entries in which the phosphorylated residue is resolved (RSA values are capped at 1).
# Reproducibility: Whether the site is buried and fully coordinated in all, at least half, or fewer than half of the entries in which the phosphorylated residue is resolved. 'PDB entries in which the site is resolved' lists these entries, with those in which the site is buried and fully coordinated first and marked with an asterisk.
# Kinase structural context: Kinase domains are from the Kincore alignment of human protein kinase domains (Modi & Dunbrack, 2019), in which the activation loop runs from the DFG to the APE motif.
# Code and complete results: https://github.com/langbnj/ptms/tree/main/pipeline/ptms_coordinated_phosphosites
No.	Gene	UniProt	Protein	Phosphosite	Representative PDB entry	Chain	Resolution (Å)	PDB residue number	SASA in the isolated chain (Å²)	RSA in the isolated chain	Lowest SASA across entries (Å²)	Lowest RSA across entries	Highest RSA across entries	RSA using the unmodified parent reference	Buried under both reference conventions	Arg/Lys contacts	Coordinating residues (charged-group distance, Å)	Entries in which the site is resolved	Entries buried and fully coordinated	Reproducibility	PDB entries in which the site is resolved	UniProt modification evidence	Protein kinase	Structural context
1	PRKN	O60260	E3 ubiquitin-protein ligase parkin	pSer65	6GLC	A	1.8	65	4	0.018	4	0.018	0.469	0.028	Yes	3	Lys211 NZ–O2P (2.53); Arg163 NE–O1P (2.69); Lys161 NZ–O3P (2.77)	2	1	at least half of entries	6GLC*, 8IKM	Experimental (ECO:0000269)	No	Not a protein kinase
2	HCK	P08631	Tyrosine-protein kinase HCK	pTyr522	5H0G	A	1.8	527	9	0.027	9	0.027	0.09	0.035	Yes	2	Arg156 NE–O3P (2.61); Arg176 NH1–O2P (2.79)	6	6	all entries	1QCF*, 5H09*, 5H0B*, 5H0G*, 5H0H*, 9BYJ*	Experimental (ECO:0000269)	Yes	Kinase, outside the kinase domain
3	OTUD5	Q96G74	OTU domain-containing protein 5	pSer177	3TMP	C	1.91	177	7	0.031	7	0.031	0.035	0.049	Yes	2	Lys273 NZ–O2P (2.76); Arg272 NH2–O3P (2.86)	1	1	all entries	3TMP*	Experimental (ECO:0000269)	No	Not a protein kinase
4	SHFL	Q9NUL5	Shiftless antiviral inhibitor of ribosomal frameshifting protein	pThr253	9KBO	A	2.0	253	15	0.062	15	0.062	0.082	0.092	Yes	3	Arg131 NH1–O1P (2.70); Arg133 NH2–O2P (3.02); Arg121 NE–O2P (3.41)	1	1	all entries	9KBO*	Not annotated in UniProt	No	Not a protein kinase
5	SHFL	Q9NUL5	Shiftless antiviral inhibitor of ribosomal frameshifting protein	pThr250	9KBO	C	2.0	250	16	0.066	16	0.066	0.082	0.098	Yes	2	Lys127 NZ–O2P (2.55); Arg138 NH1–O1P (2.80)	1	1	all entries	9KBO*	Not annotated in UniProt	No	Not a protein kinase
6	PAK4	O96013	Serine/threonine-protein kinase PAK 4	pSer474	2J0I	A	1.6	474	19	0.084	19	0.084	0.345	0.133	Yes	3	Arg439 NH2–O2P (2.76); Arg472 NH2–O1P (2.80); Arg359 NH2–O3P (2.92)	12	11	at least half of entries	2J0I*, 2Q0N*, 4FIH*, 4FII*, 4JDI*, 5VEF*, 5XVA*, 5ZJW*, 6WLY*, 7S48*, 8AHG*, 4JDH	Experimental (ECO:0000269)	Yes	Activation loop, C-terminal segment (up to the APE motif)
7	PGM1	P36871	Phosphoglucomutase-1	pSer117	5VG7	A	1.95	117	21	0.093	21	0.093	0.155	0.147	Yes	2	Arg23 NH2–O3P (3.02); Arg293 CZ–O2P (3.28)	3	2	at least half of entries	5JN5*, 5VG7*, 5VBI	Experimental (ECO:0000269)	No	Not a protein kinase
8	SRC	P12931	Proto-oncogene tyrosine-protein kinase Src	pTyr530	1FMK	A	1.5	527	40	0.12	40	0.12	0.156	0.157	Yes	2	Arg175 NH2–O2P (2.72); Arg155 NE–O2P (2.77)	3	3	all entries	1FMK*, 2SRC*, 8JN8*	Experimental (ECO:0000269)	Yes	Kinase, outside the kinase domain
9	FES	P07332	Tyrosine-protein kinase Fes/Fps	pTyr713	3CD3	A	1.98	713	48	0.144	48	0.144	0.144	0.188	Yes	2	Arg706 NH2–O1P (2.72); Arg682 NH1–O1P (3.34)	1	1	all entries	3CD3*	Experimental (ECO:0000269)	Yes	Activation loop, N-terminal segment (from the DFG motif)
10	IRAK4	Q9NWZ3	Interleukin-1 receptor-associated kinase 4	pThr345	6O94	D	1.98	345	39	0.16	39	0.16	0.354	0.239	Yes	2	Arg334 NH2–O2P (2.78); Arg347 NH1–O2P (2.80)	21	10	fewer than half of entries	2NRU*, 2OIB*, 6O8U*, 6O94*, 6THX*, 6UYA*, 8TVN*, 8W3X*, 9R9G*, 9R9K*, 5UIT, 6N8G, 6O95, 8SCE, 8TX0, 8UCB, 8UCC, 8W3W, 9NA2, 9NA5, 9PSS	Experimental (ECO:0000269)	Yes	Activation loop, variable insert
11	RPS6KB1	P23443	Ribosomal protein S6 kinase beta-1	pThr252	3WF8	A	1.98	252	56	0.23	42	0.173	0.23	0.258	No	3	Arg267 NH2–O3P (2.53); Lys135 NZ–O2P (2.83); Arg217 NH2–O1P (3.01)	3	2	at least half of entries	3WE4*, 3WF8*, 3WF7	Experimental (ECO:0000269)	Yes	Activation loop, C-terminal segment (up to the APE motif)
12	FGFR2	P21802	Fibroblast growth factor receptor 2	pTyr657	3CLY	A	2.0	1657	60	0.18	60	0.18	0.254	0.235	Yes	2	Arg1649 NE–O3P (2.64); Lys1659 NZ–O2P (3.20)	2	1	at least half of entries	3CLY*, 2PVF	Experimental (ECO:0000269)	Yes	Activation loop, N-terminal segment (from the DFG motif)
13	MAPK14	Q16539	Mitogen-activated protein kinase 14	pThr180	6ZQS	A	1.95	180	45	0.185	45	0.185	0.185	0.276	No	4	Arg70 NH2–O1P (2.61); Arg173 NH2–O2P (2.80); Arg149 NH1–O2P (2.82); Lys66 NZ–O3P (3.20)	1	1	all entries	6ZQS*	Experimental (ECO:0000269)	Yes	Activation loop, C-terminal segment (up to the APE motif)
14	PRKACA	P17612	cAMP-dependent protein kinase catalytic subunit alpha	pSer339	3VQH	A	1.95	338	43	0.19	43	0.19	0.407	0.301	No	2	Lys342 NZ–O2P (2.71); Arg336 NH2–O3P (2.76)	23	20	at least half of entries	3AMA*, 3L9L*, 3L9M*, 3OOG*, 3OVV*, 3OWP*, 3POO*, 3VQH*, 4UJ1*, 4UJ9*, 4UJA*, 4UJB*, 4WB5*, 4WB7*, 4WB8*, 5BX6*, 5BX7*, 5IZJ*, 6FRX*, 6QJ7*, 3AGM, 3L9N, 3NX8	Experimental (ECO:0000269)	Yes	Kinase, outside the kinase domain
15	IRAK4	Q9NWZ3	Interleukin-1 receptor-associated kinase 4	pThr342	9NA2	A	1.99	342	47	0.193	47	0.193	0.872	0.288	No	2	Lys367 NZ–O2P (3.46); Lys441 NZ–O1P (3.55)	14	1	fewer than half of entries	9NA2*, 2OIB, 6N8G, 6O94, 6O95, 6UYA, 8SCE, 8TVN, 8TX0, 8UCB, 8W3W, 8W3X, 9NA5, 9PSS	Experimental (ECO:0000269)	Yes	Activation loop, N-terminal segment (from the DFG motif)
16	RET	P07949	Proto-oncogene tyrosine-protein kinase receptor Ret	pTyr905	6NE7	A	1.99	905	72	0.216	72	0.216	0.266	0.282	No	3	Arg770 NH1–O3P (2.61); Lys907 NZ–O1P (2.75); Arg897 NE–O3P (3.17)	5	4	at least half of entries	2X2L*, 4CKJ*, 6NE7*, 6NJA*, 6I83	Experimental (ECO:0000269)	Yes	Activation loop, N-terminal segment (from the DFG motif)
17	SRC	P12931	Proto-oncogene tyrosine-protein kinase Src	pTyr419	1YI6	A	2.0	416	74	0.222	74	0.222	0.704	0.29	No	2	Arg385 NH1–O1P (2.73); Arg419 NH2–O2P (2.99)	1	1	all entries	1YI6*	Experimental (ECO:0000269)	Yes	Activation loop, N-terminal segment (from the DFG motif)
18	AURKA	O14965	Aurora kinase A	pThr288	5G1X	A	1.72	288	55	0.226	55	0.226	0.889	0.337	No	3	Arg180 NH1–O1P (2.61); Arg286 NH2–O2P (2.72); Arg255 NH2–O1P (2.86)	26	2	fewer than half of entries	5G1X*, 7ZTL*, 5DNR, 5L8K, 5L8L, 5ORL, 5ORS, 5ORV, 5ORW, 5ORX, 5ORY, 5ORZ, 5OS0, 5OS1, 5OS3, 5OS4, 5OS5, 5OSD, 5OSE, 5OSF, 6R4A, 6VPL, 6VPM, 8C14, 9BZG, 9BZL	Experimental (ECO:0000269)	Yes	Activation loop, C-terminal segment (up to the APE motif)
19	AKT2	P31751	RAC-beta serine/threonine-protein kinase	pThr451	3D0E	B	2.0	451	55	0.226	55	0.226	0.288	0.337	No	2	Arg224 NH2–O3P (3.46); Lys165 NZ–O3P (3.58)	1	1	all entries	3D0E*	By similarity or large-scale (ECO:0000250, ECO:0007744, ECO:0000305)	Yes	Kinase, outside the kinase domain
20	PDPK1	O15530	3-phosphoinositide-dependent protein kinase 1	pSer241	4AW1	A	1.68	241	52	0.23	52	0.23	1.0	0.364	No	3	Arg129 NH1–O1P (2.56); Arg204 NH2–O1P (2.65); Lys228 NZ–O2P (3.31)	29	1	fewer than half of entries	4AW1*, 1H1W, 1UU3, 1UU7, 2XCH, 3HRC, 3HRF, 3NUU, 3ORZ, 3QC4, 3QD3, 3RCJ, 3RWP, 4A06, 4A07, 4AW0, 4CT1, 4CT2, 4RQK, 4RQV, 4RRV, 4XX9, 5ACK, 5LVL, 5LVM, 5LVN, 5LVO, 5MRD, 8DQT	Experimental (ECO:0000269)	Yes	Activation loop, C-terminal segment (up to the APE motif)
21	PRKACA	P17612	cAMP-dependent protein kinase catalytic subunit alpha	pThr198	4WB7	A	1.9	252	57	0.235	57	0.235	0.449	0.35	No	2	Arg220 NH1–O2P (2.72); Lys244 NZ–O3P (2.86)	23	1	fewer than half of entries	4WB7*, 3AGM, 3AMA, 3L9L, 3L9M, 3L9N, 3NX8, 3OOG, 3OVV, 3OWP, 3POO, 3VQH, 4UJ1, 4UJ9, 4UJA, 4UJB, 4WB5, 4WB8, 5BX6, 5BX7, 5IZJ, 6FRX, 6QJ7	Experimental (ECO:0000269)	Yes	Activation loop, C-terminal segment (up to the APE motif)
22	CDK2	P24941	Cyclin-dependent kinase 2	pThr160	3DDQ	A	1.8	160	59	0.243	59	0.243	1.0	0.362	No	3	Arg126 NH1–O2P (2.79); Arg150 NH2–O1P (2.82); Arg50 NH2–O1P (2.89)	25	3	fewer than half of entries	3BHT*, 3DDQ*, 4CFV*, 11GV, 1H1R, 1H1S, 1OIU, 2CCH, 2IW9, 3QHW, 3TNW, 4EOI, 4EOJ, 4EOP, 5CYI, 6ATH, 6GUC, 6GUE, 7ACK, 7QHL, 8VQ3, 8VQ4, 9OB3, 9OB4, 9OB6	Experimental (ECO:0000269)	Yes	Activation loop, C-terminal segment (up to the APE motif)
23	PRKCI	P41743	Protein kinase C iota type	pThr564	3A8X	B	2.0	555	60	0.247	60	0.247	0.276	0.368	No	4	Lys277 NZ–O1P (2.47); Arg253 NH2–O3P (2.64); Lys258 NZ–O3P (2.77); Arg318 NH1–O2P (3.03)	3	1	fewer than half of entries	3A8X*, 5LI1, 5LI9	Experimental (ECO:0000269)	Yes	Kinase, outside the kinase domain
